{"loss": [1.4048775434494019, 0.9692302346229553, 0.8588687777519226, 0.7622941732406616, 0.720200777053833, 0.6966925263404846, 0.6257907152175903, 0.6267189979553223, 0.5890748500823975, 0.46074506640434265, 0.4980508089065552, 0.37418320775032043, 0.585918128490448, 0.5305952429771423, 0.36172953248023987, 0.3173200190067291, 0.30295753479003906, 0.3656740188598633, 0.2786140739917755, 0.2976645529270172, 0.33727705478668213, 0.3192206025123596, 0.263022780418396, 0.2673037052154541, 0.24354815483093262, 0.27804258465766907, 0.2563130557537079, 0.2225683033466339, 0.24996799230575562, 0.21403943002223969, 0.13666227459907532, 0.12183462083339691, 0.112551249563694, 0.10489070415496826, 0.09903818368911743, 0.0946333184838295, 0.08937773108482361, 0.08566664159297943, 0.08300386369228363, 0.07902468740940094, 0.07740313559770584, 0.07464337348937988, 0.0726318508386612, 0.08262655138969421, 0.06968394666910172, 0.06881704181432724, 0.06722284853458405, 0.0660448893904686, 0.06791748851537704, 0.06397654116153717, 0.06185026094317436, 0.059370994567871094, 0.06278833746910095, 0.0585814006626606, 0.05875573307275772, 0.05959411337971687, 0.05606874078512192, 0.05741577595472336, 0.05699987709522247, 0.05161525681614876, 0.04269244894385338, 0.04181476682424545, 0.041416049003601074, 0.0410885289311409, 0.04075539857149124, 0.04057023674249649, 0.04027114436030388, 0.04004164785146713, 0.03983158618211746, 0.03948650136590004, 0.03938117250800133, 0.03925023972988129, 0.03914620727300644, 0.03899618238210678, 0.0386534184217453, 0.03862613067030907, 0.03844856470823288, 0.03842347487807274, 0.0381118506193161, 0.03801601380109787, 0.037894632667303085, 0.03765445575118065, 0.03754767030477524, 0.03741200640797615, 0.0372641459107399, 0.03725145384669304, 0.03711706027388573, 0.03695528581738472, 0.03678902983665466, 0.03672405332326889], "val_loss": [0.999479353427887, 0.9172384738922119, 0.77019864320755, 0.6620213389396667, 0.73276287317276, 0.7400569915771484, 0.5614472031593323, 0.8140302896499634, 0.5274403095245361, 0.8075548410415649, 0.2853546440601349, 0.7398664951324463, 0.8095031976699829, 0.5615009665489197, 0.3052555322647095, 0.2424478828907013, 0.2555031180381775, 0.2584937810897827, 0.4181271493434906, 0.317783385515213, 0.2517361044883728, 0.28239959478378296, 0.2681466341018677, 0.21982423961162567, 0.21191200613975525, 0.2651599943637848, 0.2075790911912918, 0.284819096326828, 0.2456444501876831, 0.165043443441391, 0.12757275998592377, 0.1143714040517807, 0.10782365500926971, 0.10009913891553879, 0.09378508478403091, 0.08676572889089584, 0.0829717218875885, 0.08354377746582031, 0.16625112295150757, 0.07354868203401566, 0.07204374670982361, 0.0746702030301094, 0.06799167394638062, 0.07657112926244736, 0.06405872851610184, 0.06943891942501068, 0.0679435282945633, 0.06913153827190399, 0.06357599794864655, 0.05646011605858803, 0.06304781138896942, 0.05975588783621788, 0.05449477210640907, 0.0677974671125412, 0.0589233823120594, 0.05643818527460098, 0.05611366033554077, 0.055278562009334564, 0.05273832753300667, 0.056657079607248306, 0.04741336405277252, 0.04661589115858078, 0.04808914288878441, 0.04632553458213806, 0.0466061607003212, 0.046371426433324814, 0.046040624380111694, 0.04581804573535919, 0.045420628041028976, 0.046378664672374725, 0.04525858163833618, 0.04705645889043808, 0.045863229781389236, 0.046702612191438675, 0.04650077596306801, 0.046490300446748734, 0.04485374689102173, 0.045177798718214035, 0.044705960899591446, 0.04513264819979668, 0.04434128850698471, 0.0450967513024807, 0.044841598719358444, 0.04445143789052963, 0.044834088534116745, 0.044569600373506546, 0.04397130385041237, 0.04529578611254692, 0.04609949141740799, 0.044158998876810074], "accuracy": [0.40314075350761414, 0.496874064207077, 0.560103714466095, 0.6159296035766602, 0.6408629417419434, 0.6511703729629517, 0.6873000264167786, 0.6939703822135925, 0.7194814682006836, 0.7940740585327148, 0.7694777846336365, 0.8398000001907349, 0.7289777994155884, 0.7556814551353455, 0.8457815051078796, 0.8687259554862976, 0.8753851652145386, 0.8418111205101013, 0.8853036761283875, 0.8755296468734741, 0.8584333062171936, 0.8648407459259033, 0.8922629356384277, 0.8891888856887817, 0.9006962776184082, 0.8867037296295166, 0.8942703604698181, 0.9103333353996277, 0.8984073996543884, 0.914385199546814, 0.9485666751861572, 0.954288899898529, 0.9579889178276062, 0.9612629413604736, 0.9634962677955627, 0.9653148055076599, 0.9675074219703674, 0.9692259430885315, 0.9705518484115601, 0.9716407656669617, 0.9726518392562866, 0.9738518595695496, 0.9743037223815918, 0.9704222083091736, 0.9755777716636658, 0.9761777520179749, 0.9763407111167908, 0.9772148132324219, 0.9763963222503662, 0.9777407646179199, 0.9784777760505676, 0.979614794254303, 0.9783999919891357, 0.9799666404724121, 0.979544460773468, 0.9794407486915588, 0.9807074069976807, 0.9803703427314758, 0.9804629683494568, 0.982281506061554, 0.9858111143112183, 0.9862926006317139, 0.9864629507064819, 0.9863259196281433, 0.9865925908088684, 0.9865370392799377, 0.98674076795578, 0.9868888854980469, 0.986892580986023, 0.9870333075523376, 0.9870222210884094, 0.987170398235321, 0.9871147871017456, 0.9872740507125854, 0.9873814582824707, 0.9873926043510437, 0.9873852133750916, 0.987503707408905, 0.9875184893608093, 0.9875259399414062, 0.987585186958313, 0.9876555800437927, 0.9878518581390381, 0.9878963232040405, 0.9879111051559448, 0.987837016582489, 0.9879962801933289, 0.9880037307739258, 0.9881703853607178, 0.9880111217498779], "val_accuracy": [0.4744666814804077, 0.528166651725769, 0.5949333310127258, 0.6816999912261963, 0.6348000168800354, 0.6398333311080933, 0.7207666635513306, 0.5871000289916992, 0.7432666420936584, 0.5815666913986206, 0.8865000009536743, 0.6326000094413757, 0.5900333523750305, 0.73089998960495, 0.8801000118255615, 0.9049999713897705, 0.8967666625976562, 0.8978666663169861, 0.8232333064079285, 0.8752333521842957, 0.8982333540916443, 0.8855666518211365, 0.8870333433151245, 0.9100333452224731, 0.9132333397865295, 0.8949999809265137, 0.9178666472434998, 0.8810666799545288, 0.9004666805267334, 0.9359999895095825, 0.9520333409309387, 0.9567999839782715, 0.9611666798591614, 0.9629999995231628, 0.965399980545044, 0.9675333499908447, 0.9700666666030884, 0.9691333174705505, 0.9405333399772644, 0.9736999869346619, 0.974566638469696, 0.9735666513442993, 0.9764666557312012, 0.9721666574478149, 0.977733314037323, 0.975600004196167, 0.9764333367347717, 0.9754666686058044, 0.9780666828155518, 0.9804999828338623, 0.9781666398048401, 0.979366660118103, 0.9818666577339172, 0.9756333231925964, 0.9790999889373779, 0.981166660785675, 0.9818333387374878, 0.9814333319664001, 0.9817333221435547, 0.9810666441917419, 0.9844666719436646, 0.9850333333015442, 0.9848333597183228, 0.9844666719436646, 0.9844333529472351, 0.984666645526886, 0.9849333167076111, 0.9849666953086853, 0.9846000075340271, 0.9849666953086853, 0.9848666787147522, 0.9848333597183228, 0.9854333400726318, 0.9855666756629944, 0.9854666590690613, 0.9850999712944031, 0.9856666922569275, 0.9853000044822693, 0.9860000014305115, 0.9851333498954773, 0.9856666922569275, 0.9854666590690613, 0.9850666522979736, 0.9862666726112366, 0.9855333566665649, 0.9855666756629944, 0.9861999750137329, 0.9850333333015442, 0.9846333265304565, 0.986466646194458]}