{"loss": [0.08570533990859985, 0.07986878603696823, 0.08115839213132858, 0.07325000315904617, 0.07447772473096848, 0.07548420876264572, 0.07085064053535461, 0.06656310707330704, 0.11034245789051056, 0.07028321921825409, 0.0634462833404541, 0.06119881570339203, 0.060652945190668106, 0.05982372537255287, 0.05669805034995079, 0.04351840913295746, 0.040919285267591476, 0.050685424357652664, 0.03810235112905502, 0.03854908049106598, 0.03619643300771713, 0.043678492307662964, 0.03476754203438759, 0.03438024967908859, 0.03418292477726936, 0.03414478152990341, 0.034098584204912186, 0.03308788314461708, 0.10294296592473984, 0.042181674391031265, 0.05631183460354805, 0.024463588371872902, 0.02239791490137577, 0.021000320091843605, 0.01975659653544426, 0.01912519708275795, 0.01867900788784027, 0.019048593938350677, 0.017718499526381493, 0.016565494239330292, 0.01688840426504612, 0.01595458574593067, 0.016473598778247833, 0.014473151415586472, 0.01521122083067894, 0.01370624452829361, 0.012460872530937195, 0.012015460059046745, 0.011753791011869907, 0.011370701715350151, 0.011033959686756134, 0.01144625898450613, 0.010757694952189922, 0.010577633045613766, 0.01015412900596857, 0.009956704452633858, 0.00974446814507246, 0.00957905501127243, 0.009438250213861465, 0.009337997995316982, 0.009213524870574474, 0.009103212505578995, 0.009005622006952763, 0.008906620554625988, 0.008798184804618359], "val_loss": [0.07046535611152649, 0.07175004482269287, 0.06875284016132355, 0.07526613026857376, 0.0970340371131897, 0.06658641993999481, 0.07774082571268082, 0.06149713695049286, 0.0922916978597641, 0.0730024054646492, 0.06864485889673233, 0.1064748466014862, 0.0728580504655838, 0.06127883121371269, 0.07333890348672867, 0.05696567893028259, 0.05119180306792259, 0.04372965916991234, 0.04842875525355339, 0.04665457457304001, 0.04844443500041962, 0.043772004544734955, 0.046865712851285934, 0.047994960099458694, 0.053177885711193085, 0.046534694731235504, 0.04287497699260712, 0.047025613486766815, 0.04475287348031998, 0.30801546573638916, 0.04250839725136757, 0.04544900357723236, 0.04994261637330055, 0.0559375174343586, 0.06758812069892883, 0.06711888313293457, 0.07393939048051834, 0.06409632414579391, 0.07447048276662827, 0.08091700822114944, 0.07675476372241974, 0.09140399098396301, 0.07610887289047241, 0.09129135310649872, 0.08089758455753326, 0.08402404934167862, 0.0898476168513298, 0.09446273744106293, 0.09641613811254501, 0.10136596858501434, 0.10521338135004044, 0.10234839469194412, 0.10727053135633469, 0.10803626477718353, 0.11254794150590897, 0.1146303042769432, 0.11738380789756775, 0.11914966255426407, 0.12046466022729874, 0.12235504388809204, 0.12391207367181778, 0.12571384012699127, 0.1262449473142624, 0.127841517329216, 0.13087691366672516], "accuracy": [0.9723523855209351, 0.9728476405143738, 0.972095251083374, 0.9746999740600586, 0.9742047786712646, 0.9737619161605835, 0.9753571152687073, 0.976971447467804, 0.9598285555839539, 0.9758047461509705, 0.977909505367279, 0.9787999987602234, 0.9793333411216736, 0.97945237159729, 0.9801047444343567, 0.9852856993675232, 0.9861809611320496, 0.9839618802070618, 0.9873047471046448, 0.9867904782295227, 0.9877333045005798, 0.9855190515518188, 0.9882476329803467, 0.9884095191955566, 0.98826664686203, 0.9883999824523926, 0.9881952404975891, 0.9887904524803162, 0.9651952385902405, 0.9871047735214233, 0.9809333086013794, 0.9917333126068115, 0.9925809502601624, 0.9929999709129333, 0.9933905005455017, 0.9937000274658203, 0.9938619136810303, 0.9937000274658203, 0.9943095445632935, 0.9946666955947876, 0.9946761727333069, 0.9949666857719421, 0.9949952363967896, 0.9955475926399231, 0.9952523708343506, 0.9956380724906921, 0.9962095022201538, 0.996404767036438, 0.9965000152587891, 0.9967666864395142, 0.9969047904014587, 0.9967761635780334, 0.9969618916511536, 0.9970666766166687, 0.9971666932106018, 0.9971476197242737, 0.9972666501998901, 0.9973000288009644, 0.9973571300506592, 0.9973999857902527, 0.9974619150161743, 0.9975000023841858, 0.9975095391273499, 0.9975571632385254, 0.9975857138633728], "val_accuracy": [0.9752110838890076, 0.9750333428382874, 0.9766444563865662, 0.9737333059310913, 0.9653111100196838, 0.976722240447998, 0.9729889035224915, 0.978866696357727, 0.9668999910354614, 0.9748222231864929, 0.9759666919708252, 0.9664333462715149, 0.9760000109672546, 0.979022204875946, 0.9746999740600586, 0.9818999767303467, 0.9839333295822144, 0.9857000112533569, 0.9848333597183228, 0.9847221970558167, 0.9852222204208374, 0.9856888651847839, 0.9854221940040588, 0.9849555492401123, 0.9845666885375977, 0.9857666492462158, 0.9869444370269775, 0.9858333468437195, 0.98580002784729, 0.8827333450317383, 0.9875222444534302, 0.9879555702209473, 0.9881666898727417, 0.9884111285209656, 0.9878333210945129, 0.9883999824523926, 0.9887555837631226, 0.9889888763427734, 0.9877889156341553, 0.9878333210945129, 0.9882000088691711, 0.9870444536209106, 0.9880889058113098, 0.9881555438041687, 0.9881666898727417, 0.990077793598175, 0.9899444580078125, 0.9901999831199646, 0.9901999831199646, 0.9901777505874634, 0.9901000261306763, 0.9908778071403503, 0.990577757358551, 0.9901666641235352, 0.9897333383560181, 0.9910222291946411, 0.9909666776657104, 0.9910555481910706, 0.9910555481910706, 0.9911110997200012, 0.9910888671875, 0.9911222457885742, 0.9911110997200012, 0.991100013256073, 0.9912111163139343]}