{"loss": [0.2197861671447754, 0.08694086968898773, 0.07447942346334457, 0.06753739714622498, 0.062204599380493164, 0.0584423765540123, 0.05402659624814987, 0.051471903920173645, 0.049050141125917435, 0.0472056046128273, 0.04423324391245842, 0.042268648743629456, 0.0408499613404274, 0.0392136424779892, 0.037698451429605484, 0.03621065989136696, 0.035191893577575684, 0.033423375338315964, 0.03320024162530899, 0.031548257917165756, 0.030613113194704056, 0.02970045432448387, 0.02860196866095066, 0.02791040576994419, 0.02729816921055317, 0.025892343372106552, 0.025496728718280792, 0.02635435201227665, 0.024099580943584442, 0.023616591468453407, 0.024023214355111122, 0.023054540157318115, 0.021295471116900444, 0.0218986626714468, 0.0209728442132473, 0.020345989614725113, 0.020287014544010162, 0.020234577357769012, 0.019940337166190147, 0.018816133961081505, 0.01834949478507042, 0.018546568229794502, 0.018256308510899544, 0.01840900257229805, 0.017904268577694893, 0.016861535608768463, 0.016667068004608154, 0.016641981899738312, 0.015837185084819794, 0.016155874356627464], "val_loss": [0.08286232501268387, 0.08591882139444351, 0.09873371571302414, 0.060989465564489365, 0.06555160135030746, 0.05104463919997215, 0.05065246671438217, 0.0503544881939888, 0.05294455960392952, 0.05171589180827141, 0.046012766659259796, 0.04623362794518471, 0.040645964443683624, 0.04801344871520996, 0.05325857177376747, 0.040960390120744705, 0.03991331532597542, 0.04125073552131653, 0.039038386195898056, 0.037434324622154236, 0.04635985940694809, 0.04220779985189438, 0.04217647388577461, 0.03684214875102043, 0.048870984464883804, 0.0419049970805645, 0.035420168191194534, 0.039931219071149826, 0.04777110368013382, 0.037572480738162994, 0.04193700850009918, 0.044133368879556656, 0.04254120588302612, 0.04887199401855469, 0.037870824337005615, 0.04081261530518532, 0.04678785800933838, 0.0422191396355629, 0.03663899749517441, 0.039857760071754456, 0.04125804826617241, 0.042160626500844955, 0.04210074990987778, 0.03890247270464897, 0.04299987480044365, 0.04004940018057823, 0.040666330605745316, 0.0398397259414196, 0.045076996088027954, 0.05350324884057045], "acc": [0.9487333297729492, 0.9734285473823547, 0.9774476289749146, 0.978766679763794, 0.9808856844902039, 0.9819476008415222, 0.9833428859710693, 0.9843476414680481, 0.9848666787147522, 0.9855523705482483, 0.9866571426391602, 0.9872714281082153, 0.9876381158828735, 0.9882476329803467, 0.9887142777442932, 0.9895047545433044, 0.9895809292793274, 0.9901000261306763, 0.9899904727935791, 0.9906428456306458, 0.9908381104469299, 0.9913047552108765, 0.9914952516555786, 0.9916809797286987, 0.9918333292007446, 0.9923856854438782, 0.9924380779266357, 0.9921761751174927, 0.9929237961769104, 0.9930238127708435, 0.9929952621459961, 0.9932714104652405, 0.9937285780906677, 0.9936809539794922, 0.9938142895698547, 0.9941666722297668, 0.9942285418510437, 0.9940999746322632, 0.9940809607505798, 0.9944999814033508, 0.9946190714836121, 0.9944809675216675, 0.9946285486221313, 0.994609534740448, 0.9949285984039307, 0.9950380921363831, 0.9950761795043945, 0.9951381087303162, 0.9954237937927246, 0.9952952265739441], "val_acc": [0.9733889102935791, 0.9719444513320923, 0.9708999991416931, 0.9803333282470703, 0.9795222282409668, 0.98416668176651, 0.9841444492340088, 0.9836778044700623, 0.9838777780532837, 0.9847555756568909, 0.9863222241401672, 0.986822247505188, 0.988099992275238, 0.9854999780654907, 0.9835444688796997, 0.9884889125823975, 0.9884999990463257, 0.9882333278656006, 0.9886777997016907, 0.9900555610656738, 0.9870777726173401, 0.9889110922813416, 0.9893444180488586, 0.9902666807174683, 0.9866889119148254, 0.9889888763427734, 0.9903444647789001, 0.9903555512428284, 0.9871777892112732, 0.9897444248199463, 0.9879000186920166, 0.9873444437980652, 0.9897888898849487, 0.9859111309051514, 0.9906555414199829, 0.9895555377006531, 0.988955557346344, 0.9896777868270874, 0.9911333322525024, 0.9908333420753479, 0.9895889163017273, 0.990577757358551, 0.9893777966499329, 0.9909444451332092, 0.9902666807174683, 0.9907110929489136, 0.9905666708946228, 0.9904778003692627, 0.9896888732910156, 0.9891666769981384]}