{"loss": [0.24716401100158691, 0.05545305460691452, 0.05033591017127037, 0.044545210897922516, 0.04229811206459999, 0.038136906921863556, 0.03661094978451729, 0.03401666134595871, 0.03383200615644455, 0.03193601593375206, 0.031000103801488876, 0.02912595123052597, 0.029174694791436195, 0.02770138531923294, 0.026922954246401787, 0.025222349911928177, 0.025562293827533722, 0.024129467085003853, 0.0237886980175972, 0.02307971939444542, 0.022345563396811485, 0.02221892587840557, 0.02046286128461361, 0.019906217232346535, 0.019280830398201942, 0.018971091136336327, 0.018019748851656914, 0.017970150336623192, 0.017094729468226433, 0.01672135479748249, 0.01637364737689495, 0.01571759395301342, 0.015891296789050102, 0.014719614759087563, 0.014372928068041801, 0.013671103864908218, 0.01346615981310606, 0.013551723212003708, 0.012650279328227043, 0.012566943652927876, 0.012475177645683289, 0.012323231436312199, 0.011854545213282108, 0.011507668532431126, 0.013311953283846378, 0.010762028396129608, 0.011778946034610271, 0.010738076642155647, 0.010356209240853786, 0.010453884489834309], "val_loss": [0.0634617730975151, 0.04615913704037666, 0.0400240458548069, 0.03728749603033066, 0.03779806196689606, 0.03713546693325043, 0.036637477576732635, 0.03646843880414963, 0.03467699885368347, 0.03857576102018356, 0.03562786430120468, 0.03195898234844208, 0.027582254260778427, 0.03052562102675438, 0.0344710648059845, 0.03155471011996269, 0.03465297073125839, 0.02899417281150818, 0.035746194422245026, 0.029353206977248192, 0.027280716225504875, 0.02542230859398842, 0.025690171867609024, 0.03053085133433342, 0.024658910930156708, 0.027207132428884506, 0.02527378685772419, 0.024502119049429893, 0.022658949717879295, 0.023411786183714867, 0.025534613057971, 0.02443963848054409, 0.027400821447372437, 0.025420529767870903, 0.031182866543531418, 0.030884234234690666, 0.024929670616984367, 0.03337214142084122, 0.02955915592610836, 0.026547981426119804, 0.026872778311371803, 0.029513325542211533, 0.02833871729671955, 0.026758328080177307, 0.027799339964985847, 0.02940644510090351, 0.027024224400520325, 0.024764444679021835, 0.027048947289586067, 0.028453979641199112], "acc": [0.9202238321304321, 0.9828952550888062, 0.9844333529472351, 0.9863238334655762, 0.9867761731147766, 0.9879618883132935, 0.9887190461158752, 0.9893571138381958, 0.989471435546875, 0.9901428818702698, 0.9903476238250732, 0.9909238219261169, 0.99102383852005, 0.9912475943565369, 0.9918190240859985, 0.9923714399337769, 0.9921809434890747, 0.9924761652946472, 0.9926952123641968, 0.9927380681037903, 0.9932143092155457, 0.993228554725647, 0.9936666488647461, 0.9938619136810303, 0.9941999912261963, 0.9942809343338013, 0.994604766368866, 0.9947142601013184, 0.994690477848053, 0.9950095415115356, 0.9950190186500549, 0.9953143000602722, 0.9953047633171082, 0.9955428838729858, 0.9957476258277893, 0.9957714080810547, 0.9958618879318237, 0.9959095120429993, 0.9961000084877014, 0.9963856935501099, 0.9961618781089783, 0.9964523911476135, 0.996490478515625, 0.9964523911476135, 0.9961809515953064, 0.996819019317627, 0.996566653251648, 0.9968095421791077, 0.9969476461410522, 0.9969238042831421], "val_acc": [0.9805777668952942, 0.9859111309051514, 0.987322211265564, 0.988955557346344, 0.9885444641113281, 0.988611102104187, 0.988444447517395, 0.9888444542884827, 0.9894777536392212, 0.9879555702209473, 0.9896888732910156, 0.9904000163078308, 0.9916777610778809, 0.9907110929489136, 0.9898889064788818, 0.9904778003692627, 0.9899888634681702, 0.9915000200271606, 0.9905999898910522, 0.9909999966621399, 0.9915333390235901, 0.9929666519165039, 0.9927777647972107, 0.9913111329078674, 0.9929888844490051, 0.9922778010368347, 0.9931777715682983, 0.9936888813972473, 0.9937777519226074, 0.9937333464622498, 0.9933555722236633, 0.9936000108718872, 0.9924666881561279, 0.9934222102165222, 0.9928222298622131, 0.9925000071525574, 0.9940666556358337, 0.9923111200332642, 0.9931333065032959, 0.9935444593429565, 0.9936888813972473, 0.9926111102104187, 0.9928444623947144, 0.9940555691719055, 0.993399977684021, 0.9925888776779175, 0.9943666458129883, 0.9945999979972839, 0.993922233581543, 0.993577778339386]}