{"loss": [0.39820531010627747, 0.11166005581617355, 0.09163584560155869, 0.08231854438781738, 0.07699579000473022, 0.07227771729230881, 0.06802389025688171, 0.06581639498472214, 0.06251464784145355, 0.05977070331573486, 0.05767399072647095, 0.056430794298648834, 0.054225921630859375, 0.05294695496559143, 0.05177595838904381, 0.049976199865341187, 0.04968000948429108, 0.04728098586201668, 0.04689797759056091, 0.04590868204832077, 0.04447425529360771, 0.04416568577289581, 0.04434235021471977, 0.04338095337152481, 0.04136034846305847, 0.041353363543748856, 0.040227893739938736, 0.04019007459282875, 0.0386681966483593, 0.03887604549527168, 0.037341054528951645, 0.03855114430189133, 0.03654523566365242, 0.03632102534174919, 0.034912433475255966, 0.035899095237255096, 0.034746620804071426, 0.03393610194325447, 0.033565305173397064, 0.03355947881937027, 0.033124327659606934, 0.0321463868021965, 0.03155196085572243, 0.03113081306219101, 0.03127813711762428, 0.03145943209528923, 0.029853034764528275, 0.03105982579290867, 0.03098517283797264, 0.029135607182979584], "val_loss": [0.13560910522937775, 0.09106996655464172, 0.08706076443195343, 0.07033296674489975, 0.07134989649057388, 0.0669889897108078, 0.07399679720401764, 0.07576017081737518, 0.05947357416152954, 0.05721758306026459, 0.06914373487234116, 0.05678682029247284, 0.0596284344792366, 0.05638390779495239, 0.05269619822502136, 0.055610839277505875, 0.05285714566707611, 0.0543249249458313, 0.05091201141476631, 0.05328388512134552, 0.05444257706403732, 0.05455544590950012, 0.04989957809448242, 0.047426480799913406, 0.053730886429548264, 0.05581938475370407, 0.05138606205582619, 0.0485243983566761, 0.04578204080462456, 0.0489681139588356, 0.04944935068488121, 0.04710771515965462, 0.04805971309542656, 0.05204914137721062, 0.04868520051240921, 0.05667474493384361, 0.050671495497226715, 0.06381189823150635, 0.050170138478279114, 0.047267425805330276, 0.04846698045730591, 0.04881010204553604, 0.055562425404787064, 0.048186078667640686, 0.050641659647226334, 0.06351374834775925, 0.047039810568094254, 0.047861967235803604, 0.05012993887066841, 0.051630936563014984], "acc": [0.8648619055747986, 0.9651142954826355, 0.9717952609062195, 0.9744428396224976, 0.9760857224464417, 0.9778285622596741, 0.978776216506958, 0.97945237159729, 0.9810047745704651, 0.9817666411399841, 0.9821904897689819, 0.982790470123291, 0.9835952520370483, 0.9837095141410828, 0.9841523766517639, 0.9847381114959717, 0.9851047396659851, 0.9858428835868835, 0.9859809279441833, 0.9861142635345459, 0.9865000247955322, 0.9867714047431946, 0.9864809513092041, 0.9867761731147766, 0.987500011920929, 0.9875618815422058, 0.9877476096153259, 0.9878047704696655, 0.9884238243103027, 0.98826664686203, 0.9886476397514343, 0.9885428547859192, 0.9889285564422607, 0.9889809489250183, 0.989380955696106, 0.9891809821128845, 0.9894142746925354, 0.9897428750991821, 0.989799976348877, 0.990066647529602, 0.9899428486824036, 0.9900904893875122, 0.9903428554534912, 0.9906428456306458, 0.9904714226722717, 0.9905238151550293, 0.9908857345581055, 0.9905904531478882, 0.9908190369606018, 0.9911952614784241], "val_acc": [0.9547111392021179, 0.9718555808067322, 0.973466694355011, 0.9783555269241333, 0.9775333404541016, 0.9784777760505676, 0.9774444699287415, 0.9752777814865112, 0.9818000197410583, 0.9825111031532288, 0.9790777564048767, 0.9828333258628845, 0.9808111190795898, 0.9821666479110718, 0.9835000038146973, 0.9829555749893188, 0.9840111136436462, 0.9840666651725769, 0.9853777885437012, 0.9842222332954407, 0.9842444658279419, 0.9847555756568909, 0.9846444725990295, 0.9861778020858765, 0.983655571937561, 0.9825000166893005, 0.9855999946594238, 0.9859222173690796, 0.9871666431427002, 0.9857333302497864, 0.9860666394233704, 0.9861888885498047, 0.9868333339691162, 0.9847999811172485, 0.9865555763244629, 0.9833666682243347, 0.9860222339630127, 0.9817666411399841, 0.9865111112594604, 0.9872555732727051, 0.9868444204330444, 0.9864110946655273, 0.9840999841690063, 0.9869555830955505, 0.98580002784729, 0.9823444485664368, 0.9869555830955505, 0.987766683101654, 0.9871000051498413, 0.9866111278533936]}