{"loss": [0.36302223801612854, 0.0927789956331253, 0.0777793750166893, 0.06966748833656311, 0.06252583861351013, 0.05924784764647484, 0.054765377193689346, 0.0520424023270607, 0.04862964153289795, 0.048540689051151276, 0.04690001904964447, 0.04480016604065895, 0.043902330100536346, 0.042057283222675323, 0.04148324579000473, 0.04116569459438324, 0.03897459805011749, 0.03985701873898506, 0.03711193799972534, 0.03672783076763153, 0.03519666939973831, 0.034006908535957336, 0.03521723672747612, 0.03282682225108147, 0.032106995582580566, 0.03087659552693367, 0.031561724841594696, 0.0323023721575737, 0.03082064352929592, 0.03020128794014454, 0.02816072292625904, 0.02727302350103855, 0.02885037288069725, 0.02666466310620308, 0.02818409912288189, 0.024601085111498833, 0.02473568357527256, 0.024420740082859993, 0.024563955143094063, 0.023359928280115128, 0.02279210090637207, 0.022077949717640877, 0.021809417754411697, 0.02265532873570919, 0.02113194204866886, 0.020657425746321678, 0.019662577658891678, 0.021044712513685226, 0.019845247268676758, 0.019554531201720238], "val_loss": [0.16457688808441162, 0.0708027184009552, 0.07661950588226318, 0.06403329968452454, 0.07323888689279556, 0.05352088809013367, 0.067219078540802, 0.05021090433001518, 0.05383528023958206, 0.05402015149593353, 0.050077684223651886, 0.04803694784641266, 0.04365476220846176, 0.06536298990249634, 0.04134312644600868, 0.04240656644105911, 0.04501579329371452, 0.04992932453751564, 0.03926180675625801, 0.04086659848690033, 0.04491763189435005, 0.04973328858613968, 0.05357243865728378, 0.04052360728383064, 0.039704907685518265, 0.03961686044931412, 0.03785791993141174, 0.03953225538134575, 0.036487728357315063, 0.03767358139157295, 0.037992045283317566, 0.04003271460533142, 0.0424933098256588, 0.03809628635644913, 0.035730861127376556, 0.04206976294517517, 0.03569565340876579, 0.03923121467232704, 0.0366692990064621, 0.037569809705019, 0.03681151941418648, 0.03988470882177353, 0.03820260614156723, 0.036507368087768555, 0.03708557412028313, 0.03951117768883705, 0.03848247230052948, 0.05884602293372154, 0.03771262615919113, 0.03970682621002197], "acc": [0.8439714312553406, 0.9721952676773071, 0.9763809442520142, 0.9788143038749695, 0.981152355670929, 0.9820619225502014, 0.9835619330406189, 0.9843571186065674, 0.9855571389198303, 0.9852666854858398, 0.9861142635345459, 0.9867190718650818, 0.9871237874031067, 0.9877809286117554, 0.9880666732788086, 0.9879190325737, 0.9884428381919861, 0.9882190227508545, 0.9889714121818542, 0.989385724067688, 0.9896857142448425, 0.9902428388595581, 0.9897094964981079, 0.9905666708946228, 0.9907761812210083, 0.9912523627281189, 0.9908381104469299, 0.9909238219261169, 0.9911618828773499, 0.9909999966621399, 0.9922666549682617, 0.992638111114502, 0.9916571378707886, 0.992557168006897, 0.9916999936103821, 0.9931809306144714, 0.9932666420936584, 0.9934095144271851, 0.9931238293647766, 0.9934381246566772, 0.9937618970870972, 0.9940142631530762, 0.9940190315246582, 0.9939143061637878, 0.994523823261261, 0.9943428635597229, 0.9947524070739746, 0.9943285584449768, 0.9945476055145264, 0.994785726070404], "val_acc": [0.937155544757843, 0.9784888625144958, 0.9753000140190125, 0.9801666736602783, 0.9772111177444458, 0.9840999841690063, 0.9783666729927063, 0.9847333431243896, 0.9839444160461426, 0.9836666584014893, 0.9847555756568909, 0.9856666922569275, 0.9873555302619934, 0.9791666865348816, 0.9880666732788086, 0.9883111119270325, 0.9877222180366516, 0.9852777719497681, 0.9891889095306396, 0.9884111285209656, 0.987766683101654, 0.9862555265426636, 0.9860888719558716, 0.9888777732849121, 0.9892444610595703, 0.9893333315849304, 0.9898999929428101, 0.9888555407524109, 0.9901888966560364, 0.9900444149971008, 0.9897888898849487, 0.9900222420692444, 0.9884333610534668, 0.9903888702392578, 0.9909555315971375, 0.9894555807113647, 0.9910888671875, 0.9903444647789001, 0.9906777739524841, 0.991433322429657, 0.9912999868392944, 0.9909444451332092, 0.9913555383682251, 0.9915111064910889, 0.9913555383682251, 0.9913111329078674, 0.9914666414260864, 0.9836333394050598, 0.991433322429657, 0.9915555715560913]}